prolific_id,age,gender,religion,ethnic_group,education,primary_language,type_of_residence,income,political_stance
600f9342e7bc5518fa9ca92a,18-24,Male,Buddhism,Asian,High school diploma/A-levels,English,Suburban,"$50,000 - $59,999",Liberal
5fd67cce91f9895969c0edee,25-34,Male,Christianity,Black or African American,Undergraduate degree (BA/BSc/other),English,Suburban,"$50,000 - $59,999",Very conservative
671724d63bb81e6f00449783,25-34,Female,Spiritual but not religious,Black or African American,High school diploma/A-levels,English,Urban,"Less than $10,000",Very conservative
66c8e33cab12474b2168145f,18-24,Male,No Religion,White or Caucasian,High school diploma/A-levels,English,Suburban,"$70,000 - $79,999",Conservative
60fd6618f9a377f54dcdf318,35-44,Male,Christianity,White or Caucasian,Graduate degree (MA/MSc/MPhil/other),English,Suburban,"$90,000 - $99,999",Moderate
5adf59e3dee8590001b05de4,35-44,Male,Christianity,White or Caucasian,Undergraduate degree (BA/BSc/other),English,Suburban,"$70,000 - $79,999",Very conservative
5cba50bf114fa5001aac5570,65-74,Male,No Religion,White or Caucasian,High school diploma/A-levels,English,Rural,"$10,000 - $19,999",Conservative
675088c65bc8f118eaac066a,25-34,Male,Christianity,Black or African American,High school diploma/A-levels,English,Suburban,"$40,000 - $49,999",Very conservative
67d6e0be6086654c357b5dfb,45-54,Male,Christianity,Black or African American,Doctorate degree (PhD/other),English,Urban,"$70,000 - $79,999",Moderate
6766deef2e4e127d7fc3c293,35-44,Male,Christianity,White or Caucasian,Technical/community college,English,Suburban,"$70,000 - $79,999",Conservative
6303fb5b692c378ba1d010f9,25-34,Male,Christianity,White or Caucasian,High school diploma/A-levels,English,Rural,"$50,000 - $59,999",Very conservative
6679c3a62d9db76da6ada94e,45-54,Male,Agnostic,White or Caucasian,High school diploma/A-levels,English,Suburban,"$10,000 - $19,999",Moderate
67f903426047ede93dc9c66b,35-44,Male,Christianity,White or Caucasian,Graduate degree (MA/MSc/MPhil/other),English,Urban,"$90,000 - $99,999",Very liberal
67aa75039a0fc208035cdd01,25-34,Female,Christianity,White or Caucasian,High school diploma/A-levels,English,Urban,"$100,000 - $149,999",Conservative
627a65a2439f59544115d476,25-34,Female,No Religion,White or Caucasian,Undergraduate degree (BA/BSc/other),English,Suburban,"$40,000 - $49,999",Liberal
6517301b6d21d25e19c7e501,45-54,Male,No Religion,White or Caucasian,Technical/community college,English,Rural,"$40,000 - $49,999",Libertarian
5d100e740277ff00152f7562,45-54,Female,No Religion,White or Caucasian,Technical/community college,English,Suburban,"$30,000 - $39,999","Independent, lean conservative. "
67a9fb88ef329322c230663a,45-54,Female,Christianity,White or Caucasian,Graduate degree (MA/MSc/MPhil/other),English,Urban,"$100,000 - $149,999",Very conservative
66b4d2ee1ac8c5e9060a6930,35-44,Female,Christianity,White or Caucasian,High school diploma/A-levels,English,Rural,"Less than $10,000",Conservative
67e24e90c34339254575ff23,18-24,Female,Christianity,White or Caucasian,Undergraduate degree (BA/BSc/other),English,Urban,"$30,000 - $39,999",Very liberal
5e0696dea7fba607951ae479,35-44,Male,servant of the most High God of Israel,Black or African American,Technical/community college,English,Urban,"$20,000 - $29,999",Moderate
67a5d31bf54af87b3aea7c11,35-44,Male,Christianity,Black or African American,Doctorate degree (PhD/other),English,Urban,"More than $150,000",Very conservative
67d750ee1b27f207a98703a5,18-24,Male,Christianity,Black or African American,Technical/community college,English,Suburban,"$30,000 - $39,999",Conservative
667dff584b72be8e8cf6b196,35-44,Female,Christianity,White or Caucasian,Graduate degree (MA/MSc/MPhil/other),English,Suburban,"$60,000 - $69,999",Very conservative
5c4ea6cc889752000156dd8e,45-54,Male,Spiritual but not religious,White or Caucasian,High school diploma/A-levels,English,Rural,"$40,000 - $49,999",Very liberal
671ea8fb61ba3a4c1d13ecd4,25-34,Male,Christianity,Black or African American,High school diploma/A-levels,English,Suburban,"$10,000 - $19,999",Conservative
5e274886bcb84f052bf6858f,25-34,Female,Spiritual but not religious,Asian,Undergraduate degree (BA/BSc/other),English,Urban,"$100,000 - $149,999",Liberal
67d4b1247702d9231c4ea402,35-44,Female,Christianity,Hispanic or Latino,High school diploma/A-levels,English,Urban,"$60,000 - $69,999",Conservative
66a97b82d92cfcb73271ff9a,18-24,Male,No Religion,Native Hawaiian or Other Pacific Islander,High school diploma/A-levels,English,Rural,"Less than $10,000",Prefer not to say
616cf9ae07c1c6bd05d95beb,45-54,Male,Christianity,White or Caucasian,Technical/community college,English,Rural,"$10,000 - $19,999",Liberal
65fcc10f1b8021c98cace561,55-64,Female,Christianity,Hispanic or Latino,Doctorate degree (PhD/other),"English, Spanish",Suburban,"$90,000 - $99,999",Moderate
67c35bed28161edad1829850,65-74,Male,Christianity,White or Caucasian,Undergraduate degree (BA/BSc/other),English,Suburban,"$50,000 - $59,999",Very conservative
5e3079c558a8c8073fdb1ff9,35-44,Male,No Religion,White or Caucasian,High school diploma/A-levels,English,Suburban,"$60,000 - $69,999",Moderate
5ca419ef2fd4860001a501db,35-44,Male,Christianity,White or Caucasian,Graduate degree (MA/MSc/MPhil/other),English,Urban,"$90,000 - $99,999",Conservative
667433338e6cc9e53c828774,35-44,Female,Christianity,Black or African American,Undergraduate degree (BA/BSc/other),English,Suburban,"$30,000 - $39,999",Liberal
59d1e366faf42e00012b6c1c,55-64,Female,Christianity,Biracial,High school diploma/A-levels,English,Rural,"$10,000 - $19,999",Conservative
6303fb5b692c378ba1d010f9,25-34,Male,Christianity,White or Caucasian,High school diploma/A-levels,English,Rural,"$50,000 - $59,999",Conservative
5bb5473f9e00ca0001893a4c,55-64,Male,Christianity,Hispanic or Latino,High school diploma/A-levels,"English, Spanish",Rural,"$40,000 - $49,999",Very conservative
6792c956f76b9027f9768491,25-34,Female,Christianity,White or Caucasian,Graduate degree (MA/MSc/MPhil/other),English,Urban,"$90,000 - $99,999",Very conservative
6629497a938b0963356f7002,45-54,Female,Jewish,White or Caucasian,Undergraduate degree (BA/BSc/other),English,Suburban,"Less than $10,000",Liberal
66464cb5fa68d7813581f103,35-44,Male,No Religion,Hispanic or Latino,High school diploma/A-levels,English,Suburban,"Less than $10,000",Conservative
67da124f290b261d43b4461a,35-44,Female,Christianity,Black or African American,Undergraduate degree (BA/BSc/other),English,Urban,"$40,000 - $49,999",Very liberal
6478e5fc76f5ecbc4f0ed353,25-34,Male,No Religion,White or Caucasian,Graduate degree (MA/MSc/MPhil/other),English,Suburban,"$40,000 - $49,999",Libertarian
6030ac6fe9ee913af8f49a8f,18-24,Male,No Religion,Mixed,High school diploma/A-levels,English,Suburban,"$20,000 - $29,999",Very liberal
5d7ff85ffec5620017b07c40,45-54,Female,Christianity,Mixed Mexican/White,Technical/community college,English,Urban,"$10,000 - $19,999",Very liberal
5c7c441a4da3e60001b66871,25-34,Female,No Religion,Hispanic or Latino,Undergraduate degree (BA/BSc/other),English,Urban,"$20,000 - $29,999",Very liberal
66200b032829f40f3664afdf,45-54,Female,Christianity,White or Caucasian,High school diploma/A-levels,English,Urban,"$30,000 - $39,999",Very liberal
67e3126f2bfefc992d4dace9,35-44,Female,Christianity,White or Caucasian,Graduate degree (MA/MSc/MPhil/other),English,Urban,"Less than $10,000",Very liberal
67887ed5271759466f1ed65a,18-24,Female,Christianity,Hispanic or Latino,High school diploma/A-levels,"English, Spanish",Rural,"$10,000 - $19,999",Conservative
669a92a7634bd2faf6fec077,55-64,Female,Christianity,White or Caucasian,High school diploma/A-levels,English,Suburban,"$10,000 - $19,999",Conservative
670c06bb7926d2525a7a7755,25-34,Male,Christianity,Black or African American,High school diploma/A-levels,English,Urban,"$70,000 - $79,999",Very conservative
65dfb9ef84f2b03399eecc6c,45-54,Male,Christianity,White or Caucasian,Undergraduate degree (BA/BSc/other),English,Suburban,"$10,000 - $19,999",Moderate
67f1b8abe144ffdfc27d371a,25-34,Female,Christianity,White or Caucasian,High school diploma/A-levels,English,Suburban,"$90,000 - $99,999",Conservative
673b77b11f79e3de7bc5d44f,35-44,Female,Spiritual but not religious,multiracial,Undergraduate degree (BA/BSc/other),English,Rural,"$40,000 - $49,999",Liberal
6643a8837540ee80f2d5be45,55-64,Female,Christianity,White or Caucasian,Technical/community college,English,Suburban,"Less than $10,000",Very conservative
67e367400bcbb8a5e7da0f5c,25-34,Male,Christianity,White or Caucasian,Undergraduate degree (BA/BSc/other),English,Urban,"$40,000 - $49,999",Moderate
672d127c0844b35fabc0dae8,25-34,Male,Christianity,White or Caucasian,High school diploma/A-levels,English,Rural,"$10,000 - $19,999",Very conservative
5f6388bf9ae5ad07ba1a0173,45-54,Female,Christianity,White or Caucasian,Technical/community college,English,Suburban,"$50,000 - $59,999",Liberal
67ec594ad0dc026fb8cfd205,25-34,Male,Christianity,Black or African American,Graduate degree (MA/MSc/MPhil/other),English,Urban,"$40,000 - $49,999",Conservative
5c312101867f660001b05bf6,35-44,Female,No Religion,Hispanic or Latino,Graduate degree (MA/MSc/MPhil/other),"English, Spanish",Suburban,"$100,000 - $149,999",Very liberal
67196681fa6b6f118affbf51,45-54,Female,No Religion,White or Caucasian,High school diploma/A-levels,English,Suburban,"$60,000 - $69,999",Liberal
66ccb4b5272f83f89a284318,35-44,Male,Christianity,White or Caucasian,High school diploma/A-levels,English,Suburban,"$80,000 - $89,999",Very conservative
6676fab6295042ff191ead64,25-34,Male,No Religion,White or Caucasian,Doctorate degree (PhD/other),English,Suburban,"$100,000 - $149,999",Very liberal
5d42486206811e001ada5b4b,45-54,Male,Christianity,White or Caucasian,High school diploma/A-levels,English,Suburban,"$60,000 - $69,999",Liberal
67f285e8ed3cbad7b5e581d9,25-34,Female,Christianity,White or Caucasian,Doctorate degree (PhD/other),English,Urban,"$70,000 - $79,999",Liberal
67d95b52be97905a048845c7,55-64,Male,Christianity,White or Caucasian,Graduate degree (MA/MSc/MPhil/other),English,Urban,"$100,000 - $149,999",Conservative
66464354449c2d4c2de11537,25-34,Non-Binary,No Religion,Hispanic or Latino,Undergraduate degree (BA/BSc/other),English,Suburban,"$30,000 - $39,999",Moderate
67da73fbdcd403168e1cde51,35-44,Female,Christianity,White or Caucasian,Graduate degree (MA/MSc/MPhil/other),English,Urban,"More than $150,000",Very conservative
5ba292385301b80001c71ba2,45-54,Male,Christianity,White or Caucasian,Graduate degree (MA/MSc/MPhil/other),English,Suburban,"$100,000 - $149,999",Very conservative
660af34a8c1982e812803640,55-64,Female,No Religion,White or Caucasian,Technical/community college,English,Urban,"$10,000 - $19,999",Very liberal
6682b197d953c2cf476e0bd7,45-54,Female,Christianity,White or Caucasian,Graduate degree (MA/MSc/MPhil/other),English,Suburban,"$70,000 - $79,999",Conservative
6697db687b72c375cbe3cf3f,45-54,Female,Christianity,White or Caucasian,Graduate degree (MA/MSc/MPhil/other),English,Suburban,"More than $150,000",Conservative
66a7f83a3e18dd8dc65b900a,45-54,Female,Christianity,White or Caucasian,Undergraduate degree (BA/BSc/other),English,Suburban,"$50,000 - $59,999",Conservative
66dd295061c6ca0b64731051,18-24,Female,Christianity,Black or African American,Undergraduate degree (BA/BSc/other),English,Suburban,"$100,000 - $149,999",Conservative
5b5a822e1ad8270001c4f28d,35-44,Male,No Religion,White or Caucasian,High school diploma/A-levels,English,Urban,"Less than $10,000",Moderate
5d49a0b751695e0001a188a8,55-64,Female,Christianity,White or Caucasian,Undergraduate degree (BA/BSc/other),English,Suburban,"$100,000 - $149,999",Very conservative
628e196e63bc7ab9e6c6caea,35-44,Female,No Religion,White or Caucasian,Undergraduate degree (BA/BSc/other),English,Suburban,"$20,000 - $29,999",Very liberal
67e08dc7306d294ffe990601,65-74,Male,Christianity,White or Caucasian,Doctorate degree (PhD/other),English,Urban,"$60,000 - $69,999",Very conservative
67de239c06b421f44e118eaf,45-54,Male,No Religion,White or Caucasian,High school diploma/A-levels,English,Suburban,"$10,000 - $19,999",Moderate
5dd42e7f35cf744223c60d1b,35-44,Male,Atheist,White or Caucasian,Technical/community college,English,Suburban,"$30,000 - $39,999",Conservative
67e325c44f7a825ca958bf2a,45-54,Female,Christianity,White or Caucasian,Graduate degree (MA/MSc/MPhil/other),English,Urban,"$70,000 - $79,999",Conservative
67ecca121e3a43c36774dd06,25-34,Female,Christianity,Black or African American,Undergraduate degree (BA/BSc/other),English,Rural,"$20,000 - $29,999",Very conservative
67e926ff4b842f35ff1e9e83,18-24,Male,Christianity,White or Caucasian,Graduate degree (MA/MSc/MPhil/other),English,Urban,"$50,000 - $59,999",Very liberal
67eebc10120855fed45ae886,25-34,Male,Christianity,Black or African American,Undergraduate degree (BA/BSc/other),English,Urban,"$100,000 - $149,999",Conservative
5c74e7e9c3fe130001e86cc8,35-44,Female,Christianity,White or Caucasian,Undergraduate degree (BA/BSc/other),English,Suburban,"$80,000 - $89,999",Moderate
5685850c333cbd000d4e042f,25-34,Male,No Religion,White or Caucasian,High school diploma/A-levels,English,Suburban,"Less than $10,000",Liberal
67db6f15940ed1d6283b5d9f,45-54,Male,Christianity,White or Caucasian,Doctorate degree (PhD/other),English,Urban,"$30,000 - $39,999",Conservative
672c2f23e4984e3a43bf3525,35-44,Male,Christianity,Hispanic or Latino,Graduate degree (MA/MSc/MPhil/other),English,Suburban,"$100,000 - $149,999",Liberal
67cccc70ea11ab9caa72da49,45-54,Female,Christianity,White or Caucasian,Graduate degree (MA/MSc/MPhil/other),English,Urban,"$80,000 - $89,999",Very conservative
67793c3fcba4043f54daada9,18-24,Female,Christianity,Black or African American,Undergraduate degree (BA/BSc/other),English,Urban,"$30,000 - $39,999",Conservative
67ec0658eb5e33f1044d6d08,55-64,Female,Christianity,Black or African American,Graduate degree (MA/MSc/MPhil/other),English,Suburban,"$90,000 - $99,999",Liberal
67f2f21566845680db26b0e8,18-24,Female,Christianity,White or Caucasian,Graduate degree (MA/MSc/MPhil/other),"English, Spanish, German",Suburban,"$50,000 - $59,999",Conservative
67832bdc952d709ac50d4917,45-54,Male,No Religion,Hispanic or Latino,Undergraduate degree (BA/BSc/other),"English, Spanish",Urban,"$10,000 - $19,999",Conservative
67f2bf644b07a179655d1b94,18-24,Female,Christianity,Black or African American,Undergraduate degree (BA/BSc/other),English,Urban,"$100,000 - $149,999",Conservative
676304145bbe20d1fd5d653c,35-44,Male,Christianity,Black or African American,Undergraduate degree (BA/BSc/other),English,Urban,"$100,000 - $149,999",Moderate
662948ed99960b11f2f8e3fe,35-44,Female,Christianity,White or Caucasian,Graduate degree (MA/MSc/MPhil/other),English,Suburban,"$80,000 - $89,999",Very conservative
65ee4106d4b632b7fb7a3f79,35-44,Male,Islam,White or Caucasian,Graduate degree (MA/MSc/MPhil/other),English,Urban,"$100,000 - $149,999",Moderate
6633bd3bc5ec5e52e25592a4,45-54,Male,Christianity,White or Caucasian,Undergraduate degree (BA/BSc/other),English,Rural,"$30,000 - $39,999",Conservative
678799120a3f198fe9981b65,25-34,Male,Christianity,Black or African American,Undergraduate degree (BA/BSc/other),English,Urban,"$100,000 - $149,999",Conservative
67c5f7da64afd036b5ef1301,55-64,Male,Christianity,Black or African American,Undergraduate degree (BA/BSc/other),English,Urban,"$100,000 - $149,999",Very conservative
64275e53f51a5ed4f6b7d019,35-44,Male,Christianity,Asian,Undergraduate degree (BA/BSc/other),English,Urban,"$90,000 - $99,999",Very conservative
67e6a14955e0c06b415f9049,35-44,Female,Christianity,White or Caucasian,Undergraduate degree (BA/BSc/other),"English, Spanish",Urban,"$60,000 - $69,999",Conservative
605bc8caf9e0b0f799baf6da,35-44,Male,No Religion,White or Caucasian,Undergraduate degree (BA/BSc/other),English,Urban,"$100,000 - $149,999",Liberal
677d70955883af4bcdf7ff6c,45-54,Female,Spiritual but not religious,White or Caucasian,Technical/community college,English,Rural,"$90,000 - $99,999",Conservative
67ce1feb43ee9200186c94b3,65-74,Male,Christianity,White or Caucasian,Graduate degree (MA/MSc/MPhil/other),English,Suburban,"$50,000 - $59,999",Conservative
67dfb626441908dab6fc7446,35-44,Female,Christianity,White or Caucasian,Graduate degree (MA/MSc/MPhil/other),English,Suburban,"$70,000 - $79,999",Conservative
67d92fa595ecba29c579fb7f,25-34,Male,Christianity,White or Caucasian,Graduate degree (MA/MSc/MPhil/other),English,Rural,"$40,000 - $49,999",Moderate
58935d5d4d77be0001689f14,25-34,Male,Christianity,White or Caucasian,Undergraduate degree (BA/BSc/other),English,Suburban,"$90,000 - $99,999",Conservative
66c62d55724d29c2c0037a44,35-44,Male,Christianity,Black or African American,Graduate degree (MA/MSc/MPhil/other),English,Suburban,"$100,000 - $149,999",Very liberal
67cf1cb8591c77fadc367465,25-34,Female,Christianity,White or Caucasian,Graduate degree (MA/MSc/MPhil/other),English,Urban,"$70,000 - $79,999",Very conservative
67df84148af0d46c80736df4,35-44,Male,Christianity,White or Caucasian,Doctorate degree (PhD/other),English,Urban,"$90,000 - $99,999",Liberal
67e3b1c207ad42f6f898e428,25-34,Male,Christianity,Black or African American,Graduate degree (MA/MSc/MPhil/other),English,Urban,"$100,000 - $149,999",Conservative
62fbdda6e4b5a034b71296f8,25-34,Male,No Religion,White or Caucasian,High school diploma/A-levels,English,Rural,"$40,000 - $49,999",Very conservative
5dfe3e8b7adf4bade99190f0,45-54,Male,Christianity,Hispanic or Latino,Undergraduate degree (BA/BSc/other),English,Suburban,"More than $150,000",Liberal
67d5d4fbc30550918f98abef,35-44,Male,Christianity,White or Caucasian,Graduate degree (MA/MSc/MPhil/other),English,Urban,"$100,000 - $149,999",Conservative
66463a3b43cd8f961e3cc8c3,25-34,Male,Spiritual but not religious,White or Caucasian,High school diploma/A-levels,English,Suburban,"$20,000 - $29,999",Libertarian
6643b6fb7e72fe56a2609f73,35-44,Female,No Religion,White or Caucasian,Undergraduate degree (BA/BSc/other),English,Suburban,"$40,000 - $49,999",Very liberal
63d569384ae2cf6d4dce7c32,45-54,Female,No Religion,White or Caucasian,Graduate degree (MA/MSc/MPhil/other),English,Urban,"$20,000 - $29,999",Very liberal
5f1dea279f4818757f07f087,55-64,Female,Christianity,Black or African American,Graduate degree (MA/MSc/MPhil/other),English,Rural,"$40,000 - $49,999",Moderate
674696d5ad8d317b574a1344,25-34,Female,Spiritual but not religious,White or Caucasian,Undergraduate degree (BA/BSc/other),English,Urban,"$60,000 - $69,999",Conservative
67d5ad565d7133672bf783d6,45-54,Male,Christianity,White or Caucasian,Doctorate degree (PhD/other),English,Suburban,"More than $150,000",Very liberal
59dc4083ae9f950001d83b4b,45-54,Female,Christianity,White or Caucasian,Graduate degree (MA/MSc/MPhil/other),English,Rural,"$30,000 - $39,999",Moderate
67d71b625a501c1ff9bc9e9b,25-34,Female,Christianity,Black or African American,Graduate degree (MA/MSc/MPhil/other),English,Suburban,"$100,000 - $149,999",Conservative
67edf0b51b5bd671db6a9372,45-54,Male,Christianity,White or Caucasian,Technical/community college,English,Suburban,"$40,000 - $49,999",Conservative
62eaf1d2015ba1448aa273c4,25-34,Male,Christianity,White or Caucasian,High school diploma/A-levels,English,Rural,"$20,000 - $29,999",Very conservative
655f95ffd90905e27c938a49,25-34,Female,Christianity,Asian,Doctorate degree (PhD/other),English,Suburban,"$60,000 - $69,999",Moderate
5ae7f99bd5ec5e000175f097,35-44,Male,No Religion,White or Caucasian,High school diploma/A-levels,English,Suburban,"$100,000 - $149,999",Moderate
665d92a608fef982937744df,45-54,Male,Christianity,White or Caucasian,Doctorate degree (PhD/other),English,Suburban,"More than $150,000",Moderate
5fd534f0810e223644675a77,25-34,Female,Christianity,White or Caucasian,Undergraduate degree (BA/BSc/other),English,Urban,"$40,000 - $49,999",Liberal
66e181bc7028b738598d9fd1,35-44,Male,Christianity,Black or African American,Undergraduate degree (BA/BSc/other),English,Urban,"$60,000 - $69,999",Moderate
5c28feff5ffcb7000128a541,45-54,Male,Christianity,White or Caucasian,Undergraduate degree (BA/BSc/other),English,Suburban,"$80,000 - $89,999",Conservative
6674d20dd828915161031f65,65-74,Female,Christianity,White or Caucasian,High school diploma/A-levels,English,Suburban,"$60,000 - $69,999",Conservative
67a7caa0cc766deedab56067@email.prolific.com,55-64,Female,Christianity,White or Caucasian,Graduate degree (MA/MSc/MPhil/other),English,Rural,"$40,000 - $49,999",Very conservative
66c215f37fb5c5aced53c73e,25-34,Male,Christianity,Hispanic or Latino,High school diploma/A-levels,English,Suburban,"$90,000 - $99,999",Moderate
67414dcbcf89f6a633385d49,25-34,Male,No Religion,White or Caucasian,Technical/community college,English,Urban,"$10,000 - $19,999",Liberal
5d3221b8eb6cfa0001950113,45-54,Female,Christianity,White or Caucasian,High school diploma/A-levels,English,Urban,"$100,000 - $149,999",Conservative
64d50c4b3a44318d98f4f5b2,45-54,Female,Christianity,White or Caucasian,Technical/community college,English,Suburban,Rather not say,Moderate
67da14ccd38d6a25f0c0c531,25-34,Male,Christianity,White or Caucasian,Undergraduate degree (BA/BSc/other),English,Urban,"$10,000 - $19,999",Liberal
67f0756f11bafb18b8c997d5,35-44,Female,Christianity,White or Caucasian,Graduate degree (MA/MSc/MPhil/other),English,Suburban,"$80,000 - $89,999",Liberal
5f1bf8c6fe7ca34249b7c334,25-34,Female,Spiritual but not religious,White or Caucasian,Technical/community college,English,Suburban,"$30,000 - $39,999",Liberal
67fd00529ffe943e3d2c2c17,35-44,Female,Christianity,Black or African American,Graduate degree (MA/MSc/MPhil/other),English,Urban,"$100,000 - $149,999",Very conservative
5865bdf7a3462300010673e3,45-54,Male,Christianity,White or Caucasian,Undergraduate degree (BA/BSc/other),English,Rural,"$30,000 - $39,999",Conservative
65df91e4d7cc9b78f35bfe6f,18-24,Male,Christianity,Hispanic or Latino,Undergraduate degree (BA/BSc/other),"English, Spanish",Urban,"$60,000 - $69,999",Liberal
67fa29fdf53b833409215401,25-34,Male,Christianity,White or Caucasian,Undergraduate degree (BA/BSc/other),English,Urban,"$70,000 - $79,999",Conservative
67ce27d878c7752df5a6d1f4,18-24,Female,Christianity,White or Caucasian,Graduate degree (MA/MSc/MPhil/other),English,Urban,"$100,000 - $149,999",Conservative
674f22af21d6a0d92c657422,55-64,Female,Christianity,White or Caucasian,Graduate degree (MA/MSc/MPhil/other),Polish,Urban,"More than $150,000",Conservative
67d2184896b0a15484e937da,25-34,Male,No Religion,Asian,Undergraduate degree (BA/BSc/other),Cantanese Chinese,Urban,"$10,000 - $19,999",Liberal
66073d09f66221547cbf2599,25-34,Male,Christianity,Hispanic or Latino,Technical/community college,English,Urban,"$60,000 - $69,999",Moderate
6631ed61c9197c837183d479,18-24,Male,Christianity,Black or African American,High school diploma/A-levels,English,Suburban,"Less than $10,000",Very liberal
67db8d175e3b6a82b7290425,25-34,Male,Christianity,Black or African American,Undergraduate degree (BA/BSc/other),English,Suburban,"$50,000 - $59,999",Liberal
6754c632477f9899a74314fd,45-54,Female,Christianity,White or Caucasian,Graduate degree (MA/MSc/MPhil/other),English,Suburban,"$70,000 - $79,999",Conservative
67a66df6a1cd5d37be122139,18-24,Male,Christianity,White or Caucasian,Undergraduate degree (BA/BSc/other),English,Urban,"$10,000 - $19,999",Very conservative
660460162a2b3e5c554cf140,55-64,Female,Christianity,White or Caucasian,Graduate degree (MA/MSc/MPhil/other),English,Suburban,"$60,000 - $69,999",Liberal
5ce1f31a27efac0018821eed,45-54,Male,Christianity,White or Caucasian,Undergraduate degree (BA/BSc/other),English,Rural,"$10,000 - $19,999",Moderate
66b96a1bccbb002158c59bd3,55-64,Female,Christianity,White or Caucasian,High school diploma/A-levels,English,Rural,"$70,000 - $79,999",Very conservative
673e079dfb59333c4f4a3867,18-24,Female,No Religion,Asian,High school diploma/A-levels,English,Suburban,"Less than $10,000",Liberal
67e8256e3ab0b27afd3bf68a,35-44,Female,Christianity,Black or African American,Graduate degree (MA/MSc/MPhil/other),English,Urban,"$40,000 - $49,999",Conservative
67d83dbc9841fee871a6bebf,25-34,Male,Christianity,Black or African American,Undergraduate degree (BA/BSc/other),English,Suburban,"$70,000 - $79,999",Conservative
67d3768e33dab46007042d57,45-54,Female,Christianity,White or Caucasian,Graduate degree (MA/MSc/MPhil/other),English,Urban,"$100,000 - $149,999",Conservative
67acb9892d24db4d61a856f5,35-44,Female,No Religion,Hispanic or Latino,Technical/community college,"English, Spanish",Urban,"$100,000 - $149,999",Conservative
5f0a7dec44c42c19a6c9f6d9,35-44,Female,Christianity,White or Caucasian,High school diploma/A-levels,English,Rural,"$40,000 - $49,999",Liberal
67df19d8dfaa291bdd177c93,25-34,Female,Christianity,White or Caucasian,Graduate degree (MA/MSc/MPhil/other),English,Urban,"$50,000 - $59,999",Conservative
5d6376ec7e447f001c971315,65-74,Female,No Religion,Black or African American,Technical/community college,English,Urban,"Less than $10,000",Very liberal
67e35072851677c4f8034159,25-34,Male,Christianity,White or Caucasian,Undergraduate degree (BA/BSc/other),English,Urban,"$20,000 - $29,999",Liberal
60ff50ad8ad970df506a9c6b,25-34,Female,No Religion,White or Caucasian,Undergraduate degree (BA/BSc/other),English,Suburban,"$30,000 - $39,999",Very liberal
678d96b032eae41a56f4f55a,45-54,Male,Christianity,White or Caucasian,High school diploma/A-levels,English,Urban,"$100,000 - $149,999",Conservative
67cf6b116144730ec8906b48,25-34,Male,Christianity,Black or African American,Graduate degree (MA/MSc/MPhil/other),English,Urban,"$70,000 - $79,999",Conservative
5f70ff16b9894a71cb8f5d91,18-24,Female,Christianity,Black or African American,Technical/community college,English,Suburban,"$30,000 - $39,999",Liberal
6298ec5a536b0a7876579a22,45-54,Male,Christianity,White or Caucasian,Undergraduate degree (BA/BSc/other),English,Rural,"$70,000 - $79,999",Very conservative
67cde0aef70bb7c2d6a6ee74,25-34,Female,Christianity,Black or African American,Graduate degree (MA/MSc/MPhil/other),English,Urban,"$50,000 - $59,999",Conservative
67e5ebfad8af26b1bb60e460,45-54,Female,Christianity,White or Caucasian,Undergraduate degree (BA/BSc/other),English,Urban,"$100,000 - $149,999",Conservative
67ece0845fb4dfc7f90e49ed,45-54,Male,Christianity,White or Caucasian,Doctorate degree (PhD/other),English,Rural,"More than $150,000",Conservative
66a529d528f1beaaf60ec987,35-44,Female,Christianity,White or Caucasian,High school diploma/A-levels,English,Rural,"$50,000 - $59,999",Very conservative
67e9c186f27697843d6e9ee7,25-34,Male,Christianity,Black or African American,Graduate degree (MA/MSc/MPhil/other),English,Suburban,"$30,000 - $39,999",Very conservative
67f2aa508181e05a0c857e51,35-44,Female,Christianity,Black or African American,Graduate degree (MA/MSc/MPhil/other),English,Urban,"$10,000 - $19,999",Conservative
67dd49c5b86cdc10df6d7e70,55-64,Male,Christianity,White or Caucasian,Doctorate degree (PhD/other),English,Urban,"More than $150,000",Conservative
6733ed4fe3f6345783c99be8,55-64,Male,Spiritual but not religious,White or Caucasian,High school diploma/A-levels,English,Urban,"$70,000 - $79,999",Conservative
67f0e7c87779f9393f8b8261,25-34,Female,Christianity,White or Caucasian,Graduate degree (MA/MSc/MPhil/other),English,Suburban,"$10,000 - $19,999",Conservative
669036d23349747de1e78aba,55-64,Female,Christianity,White or Caucasian,Undergraduate degree (BA/BSc/other),English,Suburban,"$30,000 - $39,999",Liberal
65847ecf0896ca006d2c00b7,25-34,Female,No Religion,Asian,Undergraduate degree (BA/BSc/other),English,Suburban,"More than $150,000",Liberal
67acb7cbcaecf035a2d9f322,55-64,Female,Christianity,White or Caucasian,Doctorate degree (PhD/other),English,Rural,"More than $150,000",Conservative
67cb5baef51d73572cb490ae,25-34,Male,Christianity,White or Caucasian,Graduate degree (MA/MSc/MPhil/other),English,Urban,"$100,000 - $149,999",Conservative
5e68defb230fc417cd72d6e6,35-44,Female,Spiritual but not religious,White or Caucasian,Technical/community college,English,Rural,"$70,000 - $79,999",Moderate
67d48d2462c72f8a426c892d,35-44,Female,Christianity,Black or African American,Graduate degree (MA/MSc/MPhil/other),English,Rural,"$40,000 - $49,999",Moderate
672eb611e409e9fe3b35547a,45-54,Female,Christianity,White or Caucasian,High school diploma/A-levels,English,Rural,"$30,000 - $39,999",Very conservative
5f32e865bd94490a64d9c9f5,35-44,Male,Christianity,White or Caucasian,Secondary education (e.g. GED/GCSE),English,Urban,"Less than $10,000",Conservative
588e02b13326830001bc29cd,35-44,Female,No Religion,White or Caucasian,High school diploma/A-levels,English,Rural,"$20,000 - $29,999",Conservative
66d87f47973160be7e3f8e3b,55-64,Male,Christianity,Black or African American,Undergraduate degree (BA/BSc/other),English,Urban,"$90,000 - $99,999",Conservative
67f01887c5d3ec373eef1c01,35-44,Male,No Religion,White or Caucasian,Doctorate degree (PhD/other),English,Urban,"$100,000 - $149,999",Conservative
67b8d857233ab320f8b2879e,25-34,Male,Christianity,Black or African American,Graduate degree (MA/MSc/MPhil/other),English,Urban,"$60,000 - $69,999",Very conservative
6737ec89389ac9b1b64baae5,35-44,Female,Christianity,White or Caucasian,Undergraduate degree (BA/BSc/other),English,Suburban,"$30,000 - $39,999",Conservative
67ec6ca32e469e4627f12a13,18-24,Female,Christianity,Black or African American,Graduate degree (MA/MSc/MPhil/other),English,Suburban,"Less than $10,000",Very liberal
5c95493ddd325800166f838a,35-44,Female,Christianity,White or Caucasian,Undergraduate degree (BA/BSc/other),English,Suburban,"Less than $10,000",Conservative
67cf2180229822434560c6a2,25-34,Female,Christianity,White or Caucasian,Doctorate degree (PhD/other),English,Urban,"More than $150,000",Conservative
64136da866ff27f7bf98cfe0,35-44,Male,No Religion,Asian,Undergraduate degree (BA/BSc/other),English,Suburban,"$30,000 - $39,999",Very liberal
665f4a8236d81b9f154a1b08,55-64,Female,No Religion,White or Caucasian,High school diploma/A-levels,English,Rural,"$40,000 - $49,999",Liberal
67a66096bc5b99e5261aefc5,25-34,Male,No Religion,Black or African American,Secondary education (e.g. GED/GCSE),English,Urban,"Less than $10,000",Conservative
66a9f9fffd341dfea501d53b,25-34,Female,Christianity,White or Caucasian,Graduate degree (MA/MSc/MPhil/other),English,Urban,"$70,000 - $79,999",Liberal
663830652ead422f1f77471a,45-54,Female,Christianity,White or Caucasian,Technical/community college,English,Suburban,"$20,000 - $29,999",Moderate
67d5d7068c0132f8de37783d,45-54,Male,Christianity,White or Caucasian,Graduate degree (MA/MSc/MPhil/other),English,Suburban,"$100,000 - $149,999",Liberal
675cea702f502a38208af466,45-54,Female,Christianity,White or Caucasian,Doctorate degree (PhD/other),English,Suburban,"$80,000 - $89,999",Very liberal
65ebbbc0a6328372037a40c1,45-54,Female,Christianity,Black or African American,Technical/community college,English,Urban,"$40,000 - $49,999",Very liberal
675b5a018aee2cdaa845806b,45-54,Male,Christianity,White or Caucasian,Graduate degree (MA/MSc/MPhil/other),English,Suburban,"More than $150,000",Conservative
67df44ca830bd73a7d534815,25-34,Male,Christianity,Asian and White,High school diploma/A-levels,English,Suburban,"$10,000 - $19,999",Moderate
67d2052821fae6924b55887c,35-44,Female,Christianity,White or Caucasian,Graduate degree (MA/MSc/MPhil/other),English,Urban,"$70,000 - $79,999",Conservative
67e55ca053819c4fb294ee74,45-54,Female,Christianity,White or Caucasian,Graduate degree (MA/MSc/MPhil/other),English,Suburban,"$90,000 - $99,999",Conservative
67e4e5e1a1ac540ea5b20f8f,45-54,Male,Christianity,White or Caucasian,Graduate degree (MA/MSc/MPhil/other),English,Urban,"$80,000 - $89,999",Conservative
65ea07640789aa859a5e01fd,25-34,Male,Christianity,White or Caucasian,Undergraduate degree (BA/BSc/other),English,Urban,"$40,000 - $49,999",Conservative
66d9869a4e9051cdf5d16fa3,35-44,Female,Christianity,White or Caucasian,High school diploma/A-levels,English,Urban,"$80,000 - $89,999",Moderate
5bf6fc936c445d0001aeba98,35-44,Male,No Religion,White or Caucasian,Undergraduate degree (BA/BSc/other),English,Suburban,"$100,000 - $149,999",Conservative
674f97fef70c3dd15d138c3e,35-44,Male,Spiritual but not religious,Hispanic or Latino,Graduate degree (MA/MSc/MPhil/other),"English, Spanish",Suburban,Rather not say,Conservative
67ee875cf41fee35fe817ad9,55-64,Female,Christianity,Black or African American,Graduate degree (MA/MSc/MPhil/other),English,Urban,"$100,000 - $149,999",Very liberal
67ace8cce568887049062a53,25-34,Female,Christianity,American Indian or Alaska Native,Undergraduate degree (BA/BSc/other),English,Rural,"$70,000 - $79,999",Conservative
67ec7012f63d646fa7f33bbf,18-24,Male,Christianity,Black or African American,Undergraduate degree (BA/BSc/other),English,Urban,"$90,000 - $99,999",Very conservative
67d895ed429873a3dc613a26,25-34,Male,Christianity,White or Caucasian,Graduate degree (MA/MSc/MPhil/other),English,Suburban,"$90,000 - $99,999",Conservative
67cf3686c16bdf3ba13a2d9b,25-34,Male,Christianity,White or Caucasian,Undergraduate degree (BA/BSc/other),English,Urban,"$100,000 - $149,999",Very conservative
67f0c5937c9c5092a7abf985,45-54,Male,Christianity,White or Caucasian,Graduate degree (MA/MSc/MPhil/other),English,Urban,"$100,000 - $149,999",Very conservative
558ffe16fdf99b3f7aada34d,35-44,Female,No Religion,White or Caucasian,Technical/community college,English,Rural,"$10,000 - $19,999",Very liberal
6718343c82dda1264ded40d6,65-74,Female,Christianity,White or Caucasian,Graduate degree (MA/MSc/MPhil/other),English,Rural,"$90,000 - $99,999",Liberal
671c0db7ec53e63a24280fb2,18-24,Male,Christianity,White or Caucasian,High school diploma/A-levels,English,Rural,"$70,000 - $79,999",Very conservative
663fb22b9964b86cf2dbbf95,25-34,Female,Christianity,Black or African American,Graduate degree (MA/MSc/MPhil/other),English,Urban,"$100,000 - $149,999",Liberal
6762d29bf8f9712a46c73b62,55-64,Female,No Religion,American Indian or Alaska Native,High school diploma/A-levels,English,Urban,"$30,000 - $39,999",Liberal
663bdaa8efe54667f41a46ca,55-64,Male,Agnostic,White or Caucasian,Technical/community college,English,Suburban,"$90,000 - $99,999",Moderate
67e971fe972a4be474579d18,35-44,Female,Christianity,Black or African American,Graduate degree (MA/MSc/MPhil/other),"English, Swahili",Suburban,"$100,000 - $149,999",Liberal
67f020ded233a50f479c4c87,35-44,Male,Christianity,White or Caucasian,Graduate degree (MA/MSc/MPhil/other),English,Suburban,"$40,000 - $49,999",Moderate
67a7460f140d97736b4ce063,55-64,Male,Christianity,White or Caucasian,Graduate degree (MA/MSc/MPhil/other),English,Suburban,"$70,000 - $79,999",Conservative
673b138dd177a7bf936e4a26,45-54,Male,Christianity,White or Caucasian,Graduate degree (MA/MSc/MPhil/other),English,Urban,"$70,000 - $79,999",Very liberal
67e3fd3008c832a0d63d0627,35-44,Female,Christianity,White or Caucasian,Undergraduate degree (BA/BSc/other),English,Suburban,"$70,000 - $79,999",Very conservative
67ac95764f3091a540c69b5b,25-34,Female,Spiritual but not religious,Hispanic or Latino,Technical/community college,English,Urban,"$30,000 - $39,999",Conservative
67f0eee45788cabdae58ed24,45-54,Male,Christianity,Black or African American,Undergraduate degree (BA/BSc/other),English,Urban,"$40,000 - $49,999",Moderate
660d94c2c3133c25e6eba033,25-34,Female,Christianity,White or Caucasian,Undergraduate degree (BA/BSc/other),English,Suburban,"Less than $10,000",Very conservative
67d75f1ff8a898b755874144,25-34,Female,Christianity,White or Caucasian,Graduate degree (MA/MSc/MPhil/other),English,Suburban,"$70,000 - $79,999",Very conservative
6716f188b131fa30ab5365c2,35-44,Male,Christianity,White or Caucasian,Technical/community college,English,Rural,"$80,000 - $89,999",Conservative
67c37c3b96c341a7dd652a20,45-54,Male,Pagan,White or Caucasian,No formal qualifications,English,Suburban,"$10,000 - $19,999",Conservative
5b87dd09019cf60001a115b3,25-34,Male,No Religion,White or Caucasian,Undergraduate degree (BA/BSc/other),English,Urban,"$50,000 - $59,999",Moderate
66aa85dfa453aa698141fe25,45-54,Female,Christianity,White or Caucasian,Undergraduate degree (BA/BSc/other),English,Suburban,"More than $150,000",Conservative
66ecc9f27b3ec5983cf928d4,18-24,Male,Christianity,White or Caucasian,High school diploma/A-levels,English,Suburban,"$40,000 - $49,999",Very conservative
6574b8b5969f1bd9c2ed876f,25-34,Non-Binary,Spiritual but not religious,mixed: white and black,Undergraduate degree (BA/BSc/other),English,Suburban,"$20,000 - $29,999",Very liberal
661ec48c618b7a27e5a9077a,55-64,Female,Christianity,White or Caucasian,Graduate degree (MA/MSc/MPhil/other),English,Suburban,"$70,000 - $79,999",Very conservative
67d8f23eddf3649101cf43b0,18-24,Female,No Religion,White or Caucasian,Graduate degree (MA/MSc/MPhil/other),English,Urban,"$90,000 - $99,999",Very conservative
67d719a3ce873429d3a4ef06,25-34,Male,Christianity,Black or African American,Undergraduate degree (BA/BSc/other),English,Suburban,"$50,000 - $59,999",Liberal
5ba6d507cf54e40001c45aaf,35-44,Male,No Religion,mixed black/white,High school diploma/A-levels,English,Suburban,"$70,000 - $79,999",Moderate
65c18fcd129b1d0151b9e817,35-44,Female,Spiritual but not religious,Black or African American,Undergraduate degree (BA/BSc/other),English,Rural,"$40,000 - $49,999",Moderate
6691bc059b0182b0bdd7d682,55-64,Male,Christianity,mixed: Black/White,Undergraduate degree (BA/BSc/other),English,Rural,"$20,000 - $29,999",Conservative
66f0834cfafc555056a7818a,45-54,Male,Christianity,White or Caucasian,Graduate degree (MA/MSc/MPhil/other),English,Suburban,"More than $150,000",Conservative
66fe8d29dad24a428a3120e9,25-34,Male,Christianity,White or Caucasian,Undergraduate degree (BA/BSc/other),English,Suburban,"$100,000 - $149,999",Conservative
67dbcd7722043bf1d1671b92,25-34,Male,Christianity,White or Caucasian,Undergraduate degree (BA/BSc/other),English,Suburban,"$70,000 - $79,999",Conservative
67e57570814ffb2111a0b46d,55-64,Female,Christianity,White or Caucasian,High school diploma/A-levels,English,Rural,"$10,000 - $19,999",Moderate
67ab596936b58c119548d589,35-44,Male,Christianity,Black or African American,Undergraduate degree (BA/BSc/other),English,Urban,"$70,000 - $79,999",Liberal
66d257bc5bc135b6cf963f02,25-34,Female,Christianity,White or Caucasian,Doctorate degree (PhD/other),English,Urban,"$70,000 - $79,999",Moderate
646b776eca37542a899c1de5,55-64,Female,Christianity,White or Caucasian,High school diploma/A-levels,English,Rural,Rather not say,Very conservative
66b3c498d77bba8cb7e9800e,25-34,Male,Spiritual but not religious,Asian,Undergraduate degree (BA/BSc/other),"English, Korean",Suburban,"$30,000 - $39,999",Moderate
67cb01a82dda2577eb6ee320,25-34,Female,Christianity,White or Caucasian,Graduate degree (MA/MSc/MPhil/other),English,Suburban,"$60,000 - $69,999",Moderate
666fb6f24d1c14f333eb4a0a,45-54,Male,Agnostic,Asian,Undergraduate degree (BA/BSc/other),English,Urban,"$80,000 - $89,999",Liberal
67d82d65382b954d7889dd8e,35-44,Female,Christianity,White or Caucasian,Graduate degree (MA/MSc/MPhil/other),English,Suburban,"More than $150,000",Very conservative
663913a30dfec86f2b19cd9b,55-64,Male,No Religion,black and white,Undergraduate degree (BA/BSc/other),English,Rural,"$100,000 - $149,999",Moderate
67511ed5a097322f28dadcef,35-44,Female,Spiritual but not religious,Black or African American,Technical/community college,English,Urban,"$20,000 - $29,999",Moderate
677ccd9214464a6853c612d4,18-24,Male,Buddhism,White or Caucasian,High school diploma/A-levels,"English, Spanish",Urban,"$40,000 - $49,999",Moderate
651865050634b0ca55fc0d0d,35-44,Male,Christianity,Asian,Graduate degree (MA/MSc/MPhil/other),English,Urban,"$80,000 - $89,999",Conservative
6738cce251a1a217e308d017,35-44,Female,Christianity,White or Caucasian,Undergraduate degree (BA/BSc/other),English,Suburban,"$30,000 - $39,999",Moderate
67e5631a65e07f08fb76eac0,45-54,Female,Christianity,White or Caucasian,Graduate degree (MA/MSc/MPhil/other),English,Urban,"$100,000 - $149,999",Very conservative
67cc89b714c44c3c7d4756f5,25-34,Female,Christianity,Black or African American,Graduate degree (MA/MSc/MPhil/other),English,Urban,"$50,000 - $59,999",Liberal
66647dac6b4645950f758d55,65-74,Female,Christianity,White or Caucasian,Undergraduate degree (BA/BSc/other),English,small town,"$70,000 - $79,999",Very liberal
657c847339bbb2c8238df1c7,35-44,Female,Christianity,White or Caucasian,Undergraduate degree (BA/BSc/other),English,Urban,"$70,000 - $79,999",Very conservative
67f241efa2759404677d6380,45-54,Female,Christianity,Black or African American,Graduate degree (MA/MSc/MPhil/other),English,Urban,"$100,000 - $149,999",Very conservative
66ab8b2fcd17e40df30e6851,55-64,Female,Spiritual but not religious,White or Caucasian,High school diploma/A-levels,English,Suburban,"$60,000 - $69,999",Libertarian
67dca3ab5e7374bfad603e28,65-74,Female,No Religion,White or Caucasian,Technical/community college,English,Urban,"$10,000 - $19,999",Conservative
663d1e842efe0b27087f52cb,45-54,Female,Christianity,White or Caucasian,High school diploma/A-levels,English,Rural,"$10,000 - $19,999",Moderate
67d10200d80c3405f93783de,25-34,Female,Christianity,White or Caucasian,Undergraduate degree (BA/BSc/other),English,Urban,"$100,000 - $149,999",Conservative
671bf57baf2c2374636a8c4d,45-54,Male,Christianity,White or Caucasian,High school diploma/A-levels,English,Suburban,"$30,000 - $39,999",Very conservative
662d2ad2170e7e2644a28e3f,55-64,Male,Christianity,White or Caucasian,Undergraduate degree (BA/BSc/other),English,Rural,"$40,000 - $49,999",Conservative
67ab4c96d56f007fc8ce032b,35-44,Female,No Religion,White or Caucasian,Technical/community college,English,Suburban,"$90,000 - $99,999",Conservative
67c9aee3e124597db0168dde,45-54,Male,Christianity,White or Caucasian,Graduate degree (MA/MSc/MPhil/other),English,Urban,"$90,000 - $99,999",Liberal
665dbf6187c7a6928c4ea604,65-74,Female,Christianity,White or Caucasian,Undergraduate degree (BA/BSc/other),English,Suburban,"$90,000 - $99,999",Very conservative
64509bfcd8d8b7e61f801e95,55-64,Female,Christianity,White or Caucasian,Graduate degree (MA/MSc/MPhil/other),English,Rural,"$100,000 - $149,999",Liberal
6100b94f1750b9db274684c7,18-24,Female,Christianity,White or Caucasian,Undergraduate degree (BA/BSc/other),English,Rural,"More than $150,000",Very conservative
664925f5dac2a21296428a6f,25-34,Female,Christianity,Asian,Undergraduate degree (BA/BSc/other),English,Suburban,"$40,000 - $49,999",Liberal
65f8addbb2e24e6a91bf7911,45-54,Male,Christianity,White / Japanese,Technical/community college,English,Suburban,"$50,000 - $59,999",Moderate
673378009f99d14c232c1f2b,35-44,Male,Christianity,White or Caucasian,Graduate degree (MA/MSc/MPhil/other),English,Rural,"$90,000 - $99,999",Conservative
67d36708a7ca7a13dbc0bce1,35-44,Female,No Religion,Mixed race,Technical/community college,English,Suburban,"$10,000 - $19,999",Very conservative
66bfdc082ffe8d45b60263a6,45-54,Female,Spiritual but not religious,White or Caucasian,High school diploma/A-levels,English,Suburban,"$30,000 - $39,999",Moderate
6623a12230812b46eef471a6,35-44,Male,Christianity,Black or African American,Technical/community college,English,Suburban,"$50,000 - $59,999",Conservative
67e189771bc222a578bdc964,35-44,Female,Christianity,White or Caucasian,Graduate degree (MA/MSc/MPhil/other),English,Urban,"More than $150,000",Conservative
67e436873d103045f4098a1a,45-54,Female,Christianity,White or Caucasian,Graduate degree (MA/MSc/MPhil/other),English,Urban,"$50,000 - $59,999",Liberal
603d6ae665fbaacb5621ede2,25-34,Male,Christianity,Black or African American,Undergraduate degree (BA/BSc/other),English,Urban,"$100,000 - $149,999",Very conservative
67efdfc129f284b5171c6746,25-34,Male,Christianity,Black or African American,Undergraduate degree (BA/BSc/other),English,Urban,"$70,000 - $79,999",Very liberal
6684db738d028d5bddf6bc08,55-64,Female,Spiritual but not religious,White or Caucasian,Technical/community college,English,Rural,"$20,000 - $29,999",Moderate
67e85293838498c32f421d69,18-24,Male,Christianity,White or Caucasian,Undergraduate degree (BA/BSc/other),English,Urban,"$30,000 - $39,999",Conservative
67d7177dcabeb781cfffab9b,25-34,Female,Christianity,Black or African American,Undergraduate degree (BA/BSc/other),English,Urban,"$100,000 - $149,999",Very conservative
5d0d16d991270800010b7dd7,35-44,Male,Christianity,White or Caucasian,Graduate degree (MA/MSc/MPhil/other),English,Urban,"$80,000 - $89,999",Liberal
66f878234e0e0f8629c315c0,25-34,Female,Christianity,White or Caucasian,High school diploma/A-levels,English,Suburban,"$100,000 - $149,999",Moderate
66391d57fb3b8bc9fbe7bbbe,25-34,Female,Islam,Asian,Graduate degree (MA/MSc/MPhil/other),English,Suburban,"$90,000 - $99,999",Very conservative
6791a8549ed23cc3997dd33a,55-64,Male,Christianity,Black or African American,Undergraduate degree (BA/BSc/other),English,Suburban,"$70,000 - $79,999",Liberal
5d8998025e8a740001d6e2f1,45-54,Male,Christianity,White or Caucasian,High school diploma/A-levels,English,Suburban,"$70,000 - $79,999",Liberal
67c9e12970245699c2237d09,18-24,Female,Christianity,White or Caucasian,Graduate degree (MA/MSc/MPhil/other),English,Urban,"$80,000 - $89,999",Conservative
6624638357b56eb340c8f109,55-64,Male,Christianity,White or Caucasian,High school diploma/A-levels,English,Urban,"$10,000 - $19,999",Moderate
67eab317b6f969b3df440160,35-44,Female,Christianity,White or Caucasian,Graduate degree (MA/MSc/MPhil/other),English,Urban,"$100,000 - $149,999",Very liberal
67e9c5ae31da35e759d17d8f,55-64,Female,Christianity,Black or African American,Graduate degree (MA/MSc/MPhil/other),English,Suburban,"$50,000 - $59,999",Conservative
6119f2f6a0b020eb3941b3e1,25-34,Female,Christianity,White or Caucasian,High school diploma/A-levels,English,Suburban,"Less than $10,000",Very liberal
670feba2e636f738625aa72d,35-44,Female,Christianity,White or Caucasian,Technical/community college,English,Urban,"$90,000 - $99,999",Moderate
67f08fe4e63319ca9198955f,25-34,Male,Christianity,White or Caucasian,Graduate degree (MA/MSc/MPhil/other),English,Suburban,"$100,000 - $149,999",Conservative
67ff882a81863323a287467e,35-44,Female,Christianity,Black or African American,Graduate degree (MA/MSc/MPhil/other),English,Urban,"$20,000 - $29,999",Conservative
67eae4ce34403db149dc2dd4,25-34,Female,Christianity,White or Caucasian,Graduate degree (MA/MSc/MPhil/other),English,Suburban,"$70,000 - $79,999",Conservative
600e13b23c75bc67ab184745,35-44,Female,Christianity,White or Caucasian,Technical/community college,English,Suburban,"$80,000 - $89,999",Conservative
6674ceb52df5855822fe8879,18-24,Male,No Religion,Hispanic or Latino,High school diploma/A-levels,English,Urban,"$50,000 - $59,999",Conservative
65c0ed76e2e195876cfd9b74,55-64,Male,Christianity,White or Caucasian,Undergraduate degree (BA/BSc/other),English,Suburban,"More than $150,000",Very conservative
668ec6d806bc125c6a6e71a5,55-64,Female,Spiritual but not religious,White or Caucasian,Technical/community college,English,Rural,"$10,000 - $19,999",Conservative
596a4e2c2dcbae0001d961d2,35-44,Male,Christianity,White or Caucasian,Doctorate degree (PhD/other),English,Suburban,"$100,000 - $149,999",Very conservative
670075d557d79b4cef60c761,45-54,Female,Christianity,White or Caucasian,Graduate degree (MA/MSc/MPhil/other),English,Suburban,"$20,000 - $29,999",Conservative
67ed3f925d358a67d6b10ca6,25-34,Male,Spiritual but not religious,White or Caucasian,Graduate degree (MA/MSc/MPhil/other),English,Suburban,"$50,000 - $59,999",Liberal
5d4ac837d2844e0001ecf699,35-44,Female,Christianity,Hispanic or Latino,Graduate degree (MA/MSc/MPhil/other),English,Suburban,"$100,000 - $149,999",Moderate
5fa45d41eb5d570b4841254d,45-54,Female,Christianity,White or Caucasian,High school diploma/A-levels,English,Suburban,"$60,000 - $69,999",Very conservative
67e668ddac4fbafcd08ae073,25-34,Female,Christianity,Black or African American,Doctorate degree (PhD/other),English,Urban,"More than $150,000",Liberal
67dde59c8fa2e81dc4f6a115,18-24,Female,Christianity,Black or African American,Undergraduate degree (BA/BSc/other),English,Suburban,"$70,000 - $79,999",Conservative
67f2fbf1863f35779e34ee1f,55-64,Male,Christianity,Black or African American,Technical/community college,English,Urban,"$60,000 - $69,999",Very conservative
67d9ef972bfc2e77450362b5,25-34,Male,Christianity,White or Caucasian,Graduate degree (MA/MSc/MPhil/other),English,Urban,"$80,000 - $89,999",Very conservative
67dd5c3633b160a7ec0f92fe,45-54,Female,Christianity,White or Caucasian,Undergraduate degree (BA/BSc/other),English,Urban,"$70,000 - $79,999",Conservative
676d3cd4b42692059da2aed5,35-44,Male,Buddhism,White or Caucasian,High school diploma/A-levels,English,Suburban,"$30,000 - $39,999",Very conservative
65d7dec4216af6591f2ca6dc,35-44,Male,Christianity,White or Caucasian,Undergraduate degree (BA/BSc/other),English,Suburban,"$30,000 - $39,999",Moderate
67e8282387a710f6404aeb35,55-64,Female,Christianity,White or Caucasian,Doctorate degree (PhD/other),English,Suburban,"$70,000 - $79,999",Conservative
65b6f5c6e486ad712c7c9780,18-24,Non-Binary,No Religion,White or Caucasian,High school diploma/A-levels,English,Suburban,Rather not say,Very liberal
622a42c21de0c55ba18a2acb,55-64,Female,Spiritual but not religious,White or Caucasian,Undergraduate degree (BA/BSc/other),English,Suburban,"$80,000 - $89,999",Conservative
67d9b1d6c1ac9cc9232f4e5b,35-44,Male,Christianity,White or Caucasian,Doctorate degree (PhD/other),English,Suburban,"$40,000 - $49,999",Liberal
67e96064e96d381fb2742cec,18-24,Male,Christianity,Black or African American,Undergraduate degree (BA/BSc/other),English,Urban,"$40,000 - $49,999",Liberal
67f1902302b7cf99606d07b2,35-44,Male,Christianity,White or Caucasian,Undergraduate degree (BA/BSc/other),English,Urban,"$40,000 - $49,999",Liberal
5ccedad53734bb001b27a68b,55-64,Female,Christianity,White or Caucasian,Graduate degree (MA/MSc/MPhil/other),English,Suburban,"$60,000 - $69,999",Conservative
67ed8799d312ce968a00692b,45-54,Female,Christianity,Black or African American,Doctorate degree (PhD/other),English,Urban,"$60,000 - $69,999",Very liberal
67d9bc26fac028fdc13b44d6,18-24,Female,Christianity,Black or African American,Technical/community college,English,Urban,"$30,000 - $39,999",Liberal
67df3cab7afcdb449190b3b7,55-64,Male,Christianity,White or Caucasian,Doctorate degree (PhD/other),English,Suburban,"$100,000 - $149,999",Conservative
67e5da8fcc0632cdb901af2b,18-24,Female,Christianity,Black or African American,Undergraduate degree (BA/BSc/other),English,Urban,"$30,000 - $39,999",Liberal
677fe1175d44d857c04a4ac3,55-64,Female,Christianity,White or Caucasian,Doctorate degree (PhD/other),English,Suburban,"$100,000 - $149,999",Conservative
67a517b3ce9ad5ca6839e028,25-34,Female,Christianity,White or Caucasian,Graduate degree (MA/MSc/MPhil/other),English,Urban,"$80,000 - $89,999",Liberal
67cc8c02dfc2f3a96280c152,45-54,Female,Christianity,White or Caucasian,Graduate degree (MA/MSc/MPhil/other),English,Suburban,"$100,000 - $149,999",Conservative
67e32e6e3c45b8246a0af9fc,25-34,Female,Christianity,White or Caucasian,Graduate degree (MA/MSc/MPhil/other),English,Urban,"More than $150,000",Very conservative
675c7d17ba2c505d67f1b97a,35-44,Female,Christian and Spiritual,Black or African American,Graduate degree (MA/MSc/MPhil/other),English,Urban,"$50,000 - $59,999",Very liberal
6150f3191250f2a12a607e82,65-74,Female,Christianity,White or Caucasian,Undergraduate degree (BA/BSc/other),English,Suburban,"$50,000 - $59,999",Liberal
67e179670eb61f2cda112eaf,18-24,Female,Christianity,White or Caucasian,Undergraduate degree (BA/BSc/other),English,Suburban,"$40,000 - $49,999",Very conservative
67f03209ccb6f27a49e7903d,65-74,Female,No Religion,White or Caucasian,Doctorate degree (PhD/other),English,Urban,"$60,000 - $69,999",Very conservative
62b9c2f1e55fe9f17dfedc5d,45-54,Female,Christianity,Black or African American,Undergraduate degree (BA/BSc/other),English,Rural,"$10,000 - $19,999",Moderate
67f157bce77992678f9b9f5a,45-54,Male,Spiritual but not religious,White or Caucasian,Doctorate degree (PhD/other),English,Urban,"$70,000 - $79,999",Moderate
67eab991092b76c430986172,25-34,Male,Christianity,Black or African American,Doctorate degree (PhD/other),English,Urban,"$100,000 - $149,999",Conservative
678d740cc2e4b4cd6e5a48a8,35-44,Male,Christianity,Black or African American,Graduate degree (MA/MSc/MPhil/other),English,Urban,"$70,000 - $79,999",Very liberal
5e40c06ac0507c307ee951eb,18-24,Male,Christianity,Hispanic or Latino,High school diploma/A-levels,"English, Spanish",Suburban,"$20,000 - $29,999",Very conservative
67f1865fd01a13d73235b647,35-44,Male,Christianity,White or Caucasian,Doctorate degree (PhD/other),English,Urban,"More than $150,000",Very liberal
67e9c0ac4df4f1277c9a299b,45-54,Female,Christianity,Asian,Undergraduate degree (BA/BSc/other),English,Suburban,"$20,000 - $29,999",Conservative
67f03733938aa3f0d17ce8a8,35-44,Male,Christianity,Black or African American,Undergraduate degree (BA/BSc/other),English,Urban,"$50,000 - $59,999",Very conservative
67b6527c2942ff8f2697ebe7,45-54,Male,Christianity,White or Caucasian,Graduate degree (MA/MSc/MPhil/other),English,Suburban,"More than $150,000",Conservative
606f9bca353fc36aba9ccb8b,25-34,Male,Christianity,White or Caucasian,High school diploma/A-levels,English,Suburban,"$50,000 - $59,999",Conservative
66ffd457e1eecae22acf804b,25-34,Male,Christianity,White or Caucasian,Graduate degree (MA/MSc/MPhil/other),English,Suburban,"$70,000 - $79,999",Conservative
5a6b53f3e70ca900017ab75a,75 and older,Female,Christianity,White or Caucasian,Undergraduate degree (BA/BSc/other),English,Rural,"$10,000 - $19,999",Conservative
612b86da38f96808af7bb1da,55-64,Female,Christianity,White or Caucasian,Undergraduate degree (BA/BSc/other),English,Suburban,"$100,000 - $149,999",Conservative
67acacf033444654db29a196,55-64,Female,Christianity,White or Caucasian,Graduate degree (MA/MSc/MPhil/other),English,Urban,"$80,000 - $89,999",Conservative
smgummert@yahoo.com,65-74,Male,Christianity,White or Caucasian,Undergraduate degree (BA/BSc/other),English,Urban,"$90,000 - $99,999",Conservative
63a3375101319bb7cb39f654,55-64,Female,Christianity,Black or African American,Secondary education (e.g. GED/GCSE),English,Urban,"Less than $10,000",Liberal
67d8b7fa2cc04185f7d10c26,18-24,Female,Christianity,Black or African American,Undergraduate degree (BA/BSc/other),English,Suburban,"$50,000 - $59,999",Liberal
6694251bbfc3e4a246f8125a,45-54,Female,No Religion,White or Caucasian,Graduate degree (MA/MSc/MPhil/other),English,Suburban,"$100,000 - $149,999",Very liberal
56494d5b6902220012c4acb7,55-64,Female,Christianity,White or Caucasian,Undergraduate degree (BA/BSc/other),English,Rural,"Less than $10,000",Very conservative
561487ad7ffc8a0012812266,25-34,Female,Christianity,White or Caucasian,Undergraduate degree (BA/BSc/other),English,Rural,"$50,000 - $59,999",Very conservative
67c8b346d88fc16b12c1b739,55-64,Male,Christianity,Black or African American,Undergraduate degree (BA/BSc/other),English,Suburban,"$70,000 - $79,999",Conservative
67eaa46b7bb6cbefdcbde74c,45-54,Female,Christianity,White or Caucasian,Doctorate degree (PhD/other),English,Urban,"$90,000 - $99,999",Very conservative
558f226dfdf99b6ebd36218a,45-54,Male,No Religion,White or Caucasian,Graduate degree (MA/MSc/MPhil/other),English,Suburban,"$80,000 - $89,999",Conservative
66821bd8c0252a33b4c4390f,45-54,Male,Christianity,White or Caucasian,Graduate degree (MA/MSc/MPhil/other),English,Suburban,"More than $150,000",Very conservative
678e6eb7170e3a5da7c4ab91,65-74,Female,Christianity,White or Caucasian,High school diploma/A-levels,English,Urban,"$20,000 - $29,999",Conservative
677c4503a1918a39cb7b88dd,45-54,Male,Christianity,Black or African American,Undergraduate degree (BA/BSc/other),English,Suburban,"More than $150,000",Liberal
612c365b952c2a5244a9bee6,25-34,Female,Christianity,Black and Native American,Undergraduate degree (BA/BSc/other),English,Suburban,"More than $150,000",Very liberal
5ec62902bb44c16b842128f9,35-44,Male,Christianity,White or Caucasian,Undergraduate degree (BA/BSc/other),English,Suburban,"$50,000 - $59,999",Conservative
6722791fac231101f4a89c8d,45-54,Female,Christianity,White or Caucasian,Technical/community college,English,Rural,"$100,000 - $149,999",Conservative
612c6bd26f5f81c5765989d9,25-34,Male,Christianity,American Indian or Alaska Native,Secondary education (e.g. GED/GCSE),English,Urban,"Less than $10,000",Conservative
58adfc6e7cf56d0001f931a2,25-34,Male,Christianity,Black or African American,Undergraduate degree (BA/BSc/other),English,Urban,"$50,000 - $59,999",Very liberal
67a8d4209cbe02ab001f208a,35-44,Male,Christianity,White or Caucasian,Graduate degree (MA/MSc/MPhil/other),English,Urban,"$100,000 - $149,999",Very liberal
673d14561ba68f9e67eeb728,25-34,Male,Christianity,White or Caucasian,Undergraduate degree (BA/BSc/other),English,Urban,"$100,000 - $149,999",Conservative
66334e44f0f01a69e961ee4f,35-44,Female,Christianity,White or Caucasian,High school diploma/A-levels,English,Suburban,"$30,000 - $39,999",Conservative
64ee18fad7ff63875d973306,35-44,Female,No Religion,Black or African American,High school diploma/A-levels,English,Urban,"Less than $10,000",Moderate
595bee9282be5500017ad683,65-74,Male,Buddhism,White or Caucasian,Doctorate degree (PhD/other),English,Urban,"$40,000 - $49,999",Socialist
6595d5e0e40533319c0188c2,25-34,Female,Buddhism,Asian,Undergraduate degree (BA/BSc/other),"Mandarin Chinese, Cantanese Chinese",Urban,"$60,000 - $69,999",Moderate
5a6e8532e6cc4a0001b6d728,35-44,Female,Christianity,White or Caucasian,Graduate degree (MA/MSc/MPhil/other),English,Suburban,"$90,000 - $99,999",Very conservative
63b6be87ead45e4fa772fbf5,35-44,Female,No Religion,White or Caucasian,Technical/community college,English,Urban,"$30,000 - $39,999",Conservative
5f828a47a08cb43c715fe3a2,35-44,Male,Christianity,White or Caucasian,Graduate degree (MA/MSc/MPhil/other),English,Suburban,"More than $150,000",Conservative
6682f7019ea9bcdd2e3f1394,25-34,Genderfluid,No Religion,White or Caucasian,High school diploma/A-levels,English,Rural,"Less than $10,000",Liberal
663176c4d9c9b4d919f7b79e,35-44,Female,No Religion,Hispanic or Latino,Graduate degree (MA/MSc/MPhil/other),English,Urban,"More than $150,000",Moderate
66c3366a3b5834b89124e85a,45-54,Female,Christianity,White or Caucasian,High school diploma/A-levels,English,Suburban,"$20,000 - $29,999",Conservative
67abc93046ee894d0a8fba3b,25-34,Female,Christianity,White or Caucasian,Undergraduate degree (BA/BSc/other),English,Urban,"$40,000 - $49,999",Very conservative
66a926551ab3748f5d5348aa,45-54,Female,Christianity,White or Caucasian,Technical/community college,English,Suburban,"Less than $10,000",Conservative
64bbf16db125b5d6a2f3a911,65-74,Male,Spiritual but not religious,White or Caucasian,Secondary education (e.g. GED/GCSE),English,Rural,"Less than $10,000",Conservative
6660e87571cd35e3fdd8a0f9,35-44,Male,Christianity,White or Caucasian,High school diploma/A-levels,English,Rural,"$60,000 - $69,999",Very conservative
62cd43d66c2dd7ae9ab53ae7,35-44,Male,Christianity,White or Caucasian,Undergraduate degree (BA/BSc/other),English,Urban,"$50,000 - $59,999",Conservative
654455ad0b76675379c66db4,35-44,Female,Christianity,Black or African American,Undergraduate degree (BA/BSc/other),English,Urban,"$50,000 - $59,999",Liberal
6699501689977d23b04ce0b0,35-44,Female,Christianity,White or Caucasian,High school diploma/A-levels,English,Suburban,"Less than $10,000",Conservative
67ad581c7825ebbd7a5365e0,35-44,Female,Christianity,White or Caucasian,Undergraduate degree (BA/BSc/other),English,Rural,"$90,000 - $99,999",Conservative
669eae1ac912c49d5b16c61f,25-34,Female,Christianity,White or Caucasian,High school diploma/A-levels,English,Urban,"Less than $10,000",Libertarian
66ca1f98117343c0b3e0b098,45-54,Female,Christianity,White or Caucasian,Technical/community college,English,Suburban,"$50,000 - $59,999",Very conservative
67f395c8e03972cb930993eb,45-54,Female,Christianity,Black or African American,Graduate degree (MA/MSc/MPhil/other),English,Urban,"$40,000 - $49,999",Liberal
67e1e7ee146e905b3d4b0ad3,45-54,Male,No Religion,Black or African American,Undergraduate degree (BA/BSc/other),English,Urban,"$100,000 - $149,999",Conservative
67ef6e8e9bfc15c060497365,45-54,Male,Christianity,White or Caucasian,Graduate degree (MA/MSc/MPhil/other),English,Urban,"$100,000 - $149,999",Very conservative
5ec5a42a646f515ef0e3f68b,25-34,Female,Spiritual but not religious,Asian,Undergraduate degree (BA/BSc/other),English,Urban,"$90,000 - $99,999",Liberal
67f5828f366e42610fa78fd7,25-34,Female,Christianity,White or Caucasian,Graduate degree (MA/MSc/MPhil/other),English,Urban,"$30,000 - $39,999",Liberal
67ba31945ce2bf5140ff9275,55-64,Female,Christianity,White or Caucasian,Undergraduate degree (BA/BSc/other),English,Suburban,"$40,000 - $49,999",Conservative
5f504fd2cc049d1cbf29c40d,25-34,Male,No Religion,Black or African American,High school diploma/A-levels,English,Suburban,"$80,000 - $89,999",Moderate
66465999853f99e3f05d5b3a,25-34,Female,Christianity,White or Caucasian,High school diploma/A-levels,English,Suburban,"$30,000 - $39,999",Moderate
5dce29700ad506063969a4a5,35-44,Female,Christianity,White or Caucasian,High school diploma/A-levels,English,Rural,"$30,000 - $39,999",Conservative
67d8cc0a703c167f5f7daf8b,25-34,Female,Christianity,Black or African American,Graduate degree (MA/MSc/MPhil/other),English,Suburban,"$20,000 - $29,999",Conservative
